{
  "project_info": {
    "project_number": "607650996855",
    "firebase_url": "https://raspberry-714ab.firebaseio.com",
    "project_id": "raspberry-714ab",
    "storage_bucket": "raspberry-714ab.appspot.com"
  },
  "client": [
    {
      "client_info": {
        "mobilesdk_app_id": "1:607650996855:android:f35589d5cd235fb4",
        "android_client_info": {
          "package_name": "com.pnp.realtime"
        }
      },
      "oauth_client": [
        {
          "client_id": "607650996855-geaaug7knm96t4578kkd5d7i5fetiu1g.apps.googleusercontent.com",
          "client_type": 1,
          "android_info": {
            "package_name": "com.pnp.realtime",
            "certificate_hash": "0390ac7864e48195f6b56469aa39be8b5268f07f"
          }
        },
        {
          "client_id": "607650996855-20ro6ih004pqtc1rhj0pit7h4quo3cn7.apps.googleusercontent.com",
          "client_type": 3
        }
      ],
      "api_key": [
        {
          "current_key": "AIzaSyCLDj1Eqeg4S22V9KXADSZ1Mo6NSa-SFuQ"
        }
      ],
      "services": {
        "appinvite_service": {
          "other_platform_oauth_client": [
            {
              "client_id": "607650996855-20ro6ih004pqtc1rhj0pit7h4quo3cn7.apps.googleusercontent.com",
              "client_type": 3
            }
          ]
        }
      }
    }
  ],
  "configuration_version": "1"
}